Data Source,World Development Indicators,,,,,,,,,,,,,,,,,,,,,,,,,,,,,,,,,,,,,,,,,,,,,,,,,,,,,,,,,,,,
,,,,,,,,,,,,,,,,,,,,,,,,,,,,,,,,,,,,,,,,,,,,,,,,,,,,,,,,,,,,,
Last Updated Date,2017-12-22,,,,,,,,,,,,,,,,,,,,,,,,,,,,,,,,,,,,,,,,,,,,,,,,,,,,,,,,,,,,
,,,,,,,,,,,,,,,,,,,,,,,,,,,,,,,,,,,,,,,,,,,,,,,,,,,,,,,,,,,,,
Country Name,Country Code,Indicator Name,Indicator Code,1960,1961,1962,1963,1964,1965,1966,1967,1968,1969,1970,1971,1972,1973,1974,1975,1976,1977,1978,1979,1980,1981,1982,1983,1984,1985,1986,1987,1988,1989,1990,1991,1992,1993,1994,1995,1996,1997,1998,1999,2000,2001,2002,2003,2004,2005,2006,2007,2008,2009,2010,2011,2012,2013,2014,2015,2016,2017
Aruba,ABW,Strength of legal rights index (0=weak to 12=strong),IC.LGL.CRED.XQ,,,,,,,,,,,,,,,,,,,,,,,,,,,,,,,,,,,,,,,,,,,,,,,,,,,,,,,,,,
Afghanistan,AFG,Strength of legal rights index (0=weak to 12=strong),IC.LGL.CRED.XQ,,,,,,,,,,,,,,,,,,,,,,,,,,,,,,,,,,,,,,,,,,,,,,,,,,,,,,9,9,9,9,9
Angola,AGO,Strength of legal rights index (0=weak to 12=strong),IC.LGL.CRED.XQ,,,,,,,,,,,,,,,,,,,,,,,,,,,,,,,,,,,,,,,,,,,,,,,,,,,,,,1,1,1,1,1
Albania,ALB,Strength of legal rights index (0=weak to 12=strong),IC.LGL.CRED.XQ,,,,,,,,,,,,,,,,,,,,,,,,,,,,,,,,,,,,,,,,,,,,,,,,,,,,,,7,6,6,6,8
Andorra,AND,Strength of legal rights index (0=weak to 12=strong),IC.LGL.CRED.XQ,,,,,,,,,,,,,,,,,,,,,,,,,,,,,,,,,,,,,,,,,,,,,,,,,,,,,,,,,,
Arab World,ARB,Strength of legal rights index (0=weak to 12=strong),IC.LGL.CRED.XQ,,,,,,,,,,,,,,,,,,,,,,,,,,,,,,,,,,,,,,,,,,,,,,,,,,,,,,1.52380952380952,1.52380952380952,1.45454545454545,1.45454545454545,1.81818181818182
United Arab Emirates,ARE,Strength of legal rights index (0=weak to 12=strong),IC.LGL.CRED.XQ,,,,,,,,,,,,,,,,,,,,,,,,,,,,,,,,,,,,,,,,,,,,,,,,,,,,,,2,2,2,2,2
Argentina,ARG,Strength of legal rights index (0=weak to 12=strong),IC.LGL.CRED.XQ,,,,,,,,,,,,,,,,,,,,,,,,,,,,,,,,,,,,,,,,,,,,,,,,,,,,,,3,3,3,3,3
Armenia,ARM,Strength of legal rights index (0=weak to 12=strong),IC.LGL.CRED.XQ,,,,,,,,,,,,,,,,,,,,,,,,,,,,,,,,,,,,,,,,,,,,,,,,,,,,,,4,4,4,6,6
American Samoa,ASM,Strength of legal rights index (0=weak to 12=strong),IC.LGL.CRED.XQ,,,,,,,,,,,,,,,,,,,,,,,,,,,,,,,,,,,,,,,,,,,,,,,,,,,,,,,,,,
Antigua and Barbuda,ATG,Strength of legal rights index (0=weak to 12=strong),IC.LGL.CRED.XQ,,,,,,,,,,,,,,,,,,,,,,,,,,,,,,,,,,,,,,,,,,,,,,,,,,,,,,5,5,5,5,5
Australia,AUS,Strength of legal rights index (0=weak to 12=strong),IC.LGL.CRED.XQ,,,,,,,,,,,,,,,,,,,,,,,,,,,,,,,,,,,,,,,,,,,,,,,,,,,,,,11,11,11,11,11
Austria,AUT,Strength of legal rights index (0=weak to 12=strong),IC.LGL.CRED.XQ,,,,,,,,,,,,,,,,,,,,,,,,,,,,,,,,,,,,,,,,,,,,,,,,,,,,,,4,4,4,4,4
Azerbaijan,AZE,Strength of legal rights index (0=weak to 12=strong),IC.LGL.CRED.XQ,,,,,,,,,,,,,,,,,,,,,,,,,,,,,,,,,,,,,,,,,,,,,,,,,,,,,,2,2,2,2,2
Burundi,BDI,Strength of legal rights index (0=weak to 12=strong),IC.LGL.CRED.XQ,,,,,,,,,,,,,,,,,,,,,,,,,,,,,,,,,,,,,,,,,,,,,,,,,,,,,,2,2,2,2,2
Belgium,BEL,Strength of legal rights index (0=weak to 12=strong),IC.LGL.CRED.XQ,,,,,,,,,,,,,,,,,,,,,,,,,,,,,,,,,,,,,,,,,,,,,,,,,,,,,,4,4,4,4,4
Benin,BEN,Strength of legal rights index (0=weak to 12=strong),IC.LGL.CRED.XQ,,,,,,,,,,,,,,,,,,,,,,,,,,,,,,,,,,,,,,,,,,,,,,,,,,,,,,6,6,6,6,6
Burkina Faso,BFA,Strength of legal rights index (0=weak to 12=strong),IC.LGL.CRED.XQ,,,,,,,,,,,,,,,,,,,,,,,,,,,,,,,,,,,,,,,,,,,,,,,,,,,,,,6,6,6,6,6
Bangladesh,BGD,Strength of legal rights index (0=weak to 12=strong),IC.LGL.CRED.XQ,,,,,,,,,,,,,,,,,,,,,,,,,,,,,,,,,,,,,,,,,,,,,,,,,,,,,,5,5,5,5,5
Bulgaria,BGR,Strength of legal rights index (0=weak to 12=strong),IC.LGL.CRED.XQ,,,,,,,,,,,,,,,,,,,,,,,,,,,,,,,,,,,,,,,,,,,,,,,,,,,,,,9,9,9,9,9
Bahrain,BHR,Strength of legal rights index (0=weak to 12=strong),IC.LGL.CRED.XQ,,,,,,,,,,,,,,,,,,,,,,,,,,,,,,,,,,,,,,,,,,,,,,,,,,,,,,1,1,1,1,1
"Bahamas, The",BHS,Strength of legal rights index (0=weak to 12=strong),IC.LGL.CRED.XQ,,,,,,,,,,,,,,,,,,,,,,,,,,,,,,,,,,,,,,,,,,,,,,,,,,,,,,6,6,6,6,6
Bosnia and Herzegovina,BIH,Strength of legal rights index (0=weak to 12=strong),IC.LGL.CRED.XQ,,,,,,,,,,,,,,,,,,,,,,,,,,,,,,,,,,,,,,,,,,,,,,,,,,,,,,7,7,7,7,7
Belarus,BLR,Strength of legal rights index (0=weak to 12=strong),IC.LGL.CRED.XQ,,,,,,,,,,,,,,,,,,,,,,,,,,,,,,,,,,,,,,,,,,,,,,,,,,,,,,2,2,2,2,3
Belize,BLZ,Strength of legal rights index (0=weak to 12=strong),IC.LGL.CRED.XQ,,,,,,,,,,,,,,,,,,,,,,,,,,,,,,,,,,,,,,,,,,,,,,,,,,,,,,4,4,4,4,4
Bermuda,BMU,Strength of legal rights index (0=weak to 12=strong),IC.LGL.CRED.XQ,,,,,,,,,,,,,,,,,,,,,,,,,,,,,,,,,,,,,,,,,,,,,,,,,,,,,,,,,,
Bolivia,BOL,Strength of legal rights index (0=weak to 12=strong),IC.LGL.CRED.XQ,,,,,,,,,,,,,,,,,,,,,,,,,,,,,,,,,,,,,,,,,,,,,,,,,,,,,,0,0,0,0,0
Brazil,BRA,Strength of legal rights index (0=weak to 12=strong),IC.LGL.CRED.XQ,,,,,,,,,,,,,,,,,,,,,,,,,,,,,,,,,,,,,,,,,,,,,,,,,,,,,,2,2,2,2,2
Barbados,BRB,Strength of legal rights index (0=weak to 12=strong),IC.LGL.CRED.XQ,,,,,,,,,,,,,,,,,,,,,,,,,,,,,,,,,,,,,,,,,,,,,,,,,,,,,,7,7,7,7,7
Brunei Darussalam,BRN,Strength of legal rights index (0=weak to 12=strong),IC.LGL.CRED.XQ,,,,,,,,,,,,,,,,,,,,,,,,,,,,,,,,,,,,,,,,,,,,,,,,,,,,,,4,4,4,5,12
Bhutan,BTN,Strength of legal rights index (0=weak to 12=strong),IC.LGL.CRED.XQ,,,,,,,,,,,,,,,,,,,,,,,,,,,,,,,,,,,,,,,,,,,,,,,,,,,,,,4,4,4,4,4
Botswana,BWA,Strength of legal rights index (0=weak to 12=strong),IC.LGL.CRED.XQ,,,,,,,,,,,,,,,,,,,,,,,,,,,,,,,,,,,,,,,,,,,,,,,,,,,,,,5,5,5,5,5
Central African Republic,CAF,Strength of legal rights index (0=weak to 12=strong),IC.LGL.CRED.XQ,,,,,,,,,,,,,,,,,,,,,,,,,,,,,,,,,,,,,,,,,,,,,,,,,,,,,,6,6,6,6,6
Canada,CAN,Strength of legal rights index (0=weak to 12=strong),IC.LGL.CRED.XQ,,,,,,,,,,,,,,,,,,,,,,,,,,,,,,,,,,,,,,,,,,,,,,,,,,,,,,9,9,9,9,9
Central Europe and the Baltics,CEB,Strength of legal rights index (0=weak to 12=strong),IC.LGL.CRED.XQ,,,,,,,,,,,,,,,,,,,,,,,,,,,,,,,,,,,,,,,,,,,,,,,,,,,,,,6.63636363636364,7.18181818181818,7.18181818181818,7.18181818181818,7.18181818181818
Switzerland,CHE,Strength of legal rights index (0=weak to 12=strong),IC.LGL.CRED.XQ,,,,,,,,,,,,,,,,,,,,,,,,,,,,,,,,,,,,,,,,,,,,,,,,,,,,,,6,6,6,6,6
Channel Islands,CHI,Strength of legal rights index (0=weak to 12=strong),IC.LGL.CRED.XQ,,,,,,,,,,,,,,,,,,,,,,,,,,,,,,,,,,,,,,,,,,,,,,,,,,,,,,,,,,
Chile,CHL,Strength of legal rights index (0=weak to 12=strong),IC.LGL.CRED.XQ,,,,,,,,,,,,,,,,,,,,,,,,,,,,,,,,,,,,,,,,,,,,,,,,,,,,,,4,4,4,4,4
China,CHN,Strength of legal rights index (0=weak to 12=strong),IC.LGL.CRED.XQ,,,,,,,,,,,,,,,,,,,,,,,,,,,,,,,,,,,,,,,,,,,,,,,,,,,,,,4,4,4,4,4
Cote d'Ivoire,CIV,Strength of legal rights index (0=weak to 12=strong),IC.LGL.CRED.XQ,,,,,,,,,,,,,,,,,,,,,,,,,,,,,,,,,,,,,,,,,,,,,,,,,,,,,,6,6,6,6,6
Cameroon,CMR,Strength of legal rights index (0=weak to 12=strong),IC.LGL.CRED.XQ,,,,,,,,,,,,,,,,,,,,,,,,,,,,,,,,,,,,,,,,,,,,,,,,,,,,,,6,6,6,6,6
"Congo, Dem. Rep.",COD,Strength of legal rights index (0=weak to 12=strong),IC.LGL.CRED.XQ,,,,,,,,,,,,,,,,,,,,,,,,,,,,,,,,,,,,,,,,,,,,,,,,,,,,,,6,6,6,6,6
"Congo, Rep.",COG,Strength of legal rights index (0=weak to 12=strong),IC.LGL.CRED.XQ,,,,,,,,,,,,,,,,,,,,,,,,,,,,,,,,,,,,,,,,,,,,,,,,,,,,,,6,6,6,6,6
Colombia,COL,Strength of legal rights index (0=weak to 12=strong),IC.LGL.CRED.XQ,,,,,,,,,,,,,,,,,,,,,,,,,,,,,,,,,,,,,,,,,,,,,,,,,,,,,,4,12,12,12,12
Comoros,COM,Strength of legal rights index (0=weak to 12=strong),IC.LGL.CRED.XQ,,,,,,,,,,,,,,,,,,,,,,,,,,,,,,,,,,,,,,,,,,,,,,,,,,,,,,6,6,6,6,6
Cabo Verde,CPV,Strength of legal rights index (0=weak to 12=strong),IC.LGL.CRED.XQ,,,,,,,,,,,,,,,,,,,,,,,,,,,,,,,,,,,,,,,,,,,,,,,,,,,,,,2,2,2,2,2
Costa Rica,CRI,Strength of legal rights index (0=weak to 12=strong),IC.LGL.CRED.XQ,,,,,,,,,,,,,,,,,,,,,,,,,,,,,,,,,,,,,,,,,,,,,,,,,,,,,,2,2,10,10,10
Caribbean small states,CSS,Strength of legal rights index (0=weak to 12=strong),IC.LGL.CRED.XQ,,,,,,,,,,,,,,,,,,,,,,,,,,,,,,,,,,,,,,,,,,,,,,,,,,,,,,5.07692307692308,5.46153846153846,5.38461538461539,5.38461538461539,5.38461538461539
Cuba,CUB,Strength of legal rights index (0=weak to 12=strong),IC.LGL.CRED.XQ,,,,,,,,,,,,,,,,,,,,,,,,,,,,,,,,,,,,,,,,,,,,,,,,,,,,,,,,,,
Curacao,CUW,Strength of legal rights index (0=weak to 12=strong),IC.LGL.CRED.XQ,,,,,,,,,,,,,,,,,,,,,,,,,,,,,,,,,,,,,,,,,,,,,,,,,,,,,,,,,,
Cayman Islands,CYM,Strength of legal rights index (0=weak to 12=strong),IC.LGL.CRED.XQ,,,,,,,,,,,,,,,,,,,,,,,,,,,,,,,,,,,,,,,,,,,,,,,,,,,,,,,,,,
Cyprus,CYP,Strength of legal rights index (0=weak to 12=strong),IC.LGL.CRED.XQ,,,,,,,,,,,,,,,,,,,,,,,,,,,,,,,,,,,,,,,,,,,,,,,,,,,,,,7,7,7,7,7
Czech Republic,CZE,Strength of legal rights index (0=weak to 12=strong),IC.LGL.CRED.XQ,,,,,,,,,,,,,,,,,,,,,,,,,,,,,,,,,,,,,,,,,,,,,,,,,,,,,,5,7,7,7,7
Germany,DEU,Strength of legal rights index (0=weak to 12=strong),IC.LGL.CRED.XQ,,,,,,,,,,,,,,,,,,,,,,,,,,,,,,,,,,,,,,,,,,,,,,,,,,,,,,6,6,6,6,6
Djibouti,DJI,Strength of legal rights index (0=weak to 12=strong),IC.LGL.CRED.XQ,,,,,,,,,,,,,,,,,,,,,,,,,,,,,,,,,,,,,,,,,,,,,,,,,,,,,,1,1,1,1,1
Dominica,DMA,Strength of legal rights index (0=weak to 12=strong),IC.LGL.CRED.XQ,,,,,,,,,,,,,,,,,,,,,,,,,,,,,,,,,,,,,,,,,,,,,,,,,,,,,,6,6,6,6,6
Denmark,DNK,Strength of legal rights index (0=weak to 12=strong),IC.LGL.CRED.XQ,,,,,,,,,,,,,,,,,,,,,,,,,,,,,,,,,,,,,,,,,,,,,,,,,,,,,,8,8,8,8,8
Dominican Republic,DOM,Strength of legal rights index (0=weak to 12=strong),IC.LGL.CRED.XQ,,,,,,,,,,,,,,,,,,,,,,,,,,,,,,,,,,,,,,,,,,,,,,,,,,,,,,1,1,1,1,1
Algeria,DZA,Strength of legal rights index (0=weak to 12=strong),IC.LGL.CRED.XQ,,,,,,,,,,,,,,,,,,,,,,,,,,,,,,,,,,,,,,,,,,,,,,,,,,,,,,2,2,2,2,2
East Asia & Pacific (excluding high income),EAP,Strength of legal rights index (0=weak to 12=strong),IC.LGL.CRED.XQ,,,,,,,,,,,,,,,,,,,,,,,,,,,,,,,,,,,,,,,,,,,,,,,,,,,,,,5.6,5.8,5.85,6.25,6.95
Early-demographic dividend,EAR,Strength of legal rights index (0=weak to 12=strong),IC.LGL.CRED.XQ,,,,,,,,,,,,,,,,,,,,,,,,,,,,,,,,,,,,,,,,,,,,,,,,,,,,,,3.86885245901639,4,4.22950819672131,4.36065573770492,4.68852459016393
East Asia & Pacific,EAS,Strength of legal rights index (0=weak to 12=strong),IC.LGL.CRED.XQ,,,,,,,,,,,,,,,,,,,,,,,,,,,,,,,,,,,,,,,,,,,,,,,,,,,,,,6.13793103448276,6.27586206896552,6.3448275862069,6.58620689655172,7.31034482758621
Europe & Central Asia (excluding high income),ECA,Strength of legal rights index (0=weak to 12=strong),IC.LGL.CRED.XQ,,,,,,,,,,,,,,,,,,,,,,,,,,,,,,,,,,,,,,,,,,,,,,,,,,,,,,5.80952380952381,5.76190476190476,6.19047619047619,6.47619047619048,6.90476190476191
Europe & Central Asia,ECS,Strength of legal rights index (0=weak to 12=strong),IC.LGL.CRED.XQ,,,,,,,,,,,,,,,,,,,,,,,,,,,,,,,,,,,,,,,,,,,,,,,,,,,,,,5.42857142857143,5.53061224489796,5.71428571428571,5.83673469387755,6.02040816326531
Ecuador,ECU,Strength of legal rights index (0=weak to 12=strong),IC.LGL.CRED.XQ,,,,,,,,,,,,,,,,,,,,,,,,,,,,,,,,,,,,,,,,,,,,,,,,,,,,,,1,1,1,1,1
"Egypt, Arab Rep.",EGY,Strength of legal rights index (0=weak to 12=strong),IC.LGL.CRED.XQ,,,,,,,,,,,,,,,,,,,,,,,,,,,,,,,,,,,,,,,,,,,,,,,,,,,,,,2,2,2,2,2
Euro area,EMU,Strength of legal rights index (0=weak to 12=strong),IC.LGL.CRED.XQ,,,,,,,,,,,,,,,,,,,,,,,,,,,,,,,,,,,,,,,,,,,,,,,,,,,,,,4.73684210526316,4.73684210526316,4.73684210526316,4.73684210526316,4.73684210526316
Eritrea,ERI,Strength of legal rights index (0=weak to 12=strong),IC.LGL.CRED.XQ,,,,,,,,,,,,,,,,,,,,,,,,,,,,,,,,,,,,,,,,,,,,,,,,,,,,,,0,0,0,0,0
Spain,ESP,Strength of legal rights index (0=weak to 12=strong),IC.LGL.CRED.XQ,,,,,,,,,,,,,,,,,,,,,,,,,,,,,,,,,,,,,,,,,,,,,,,,,,,,,,5,5,5,5,5
Estonia,EST,Strength of legal rights index (0=weak to 12=strong),IC.LGL.CRED.XQ,,,,,,,,,,,,,,,,,,,,,,,,,,,,,,,,,,,,,,,,,,,,,,,,,,,,,,7,7,7,7,7
Ethiopia,ETH,Strength of legal rights index (0=weak to 12=strong),IC.LGL.CRED.XQ,,,,,,,,,,,,,,,,,,,,,,,,,,,,,,,,,,,,,,,,,,,,,,,,,,,,,,3,3,3,3,3
European Union,EUU,Strength of legal rights index (0=weak to 12=strong),IC.LGL.CRED.XQ,,,,,,,,,,,,,,,,,,,,,,,,,,,,,,,,,,,,,,,,,,,,,,,,,,,,,,5.42857142857143,5.64285714285714,5.64285714285714,5.64285714285714,5.64285714285714
Fragile and conflict affected situations,FCS,Strength of legal rights index (0=weak to 12=strong),IC.LGL.CRED.XQ,,,,,,,,,,,,,,,,,,,,,,,,,,,,,,,,,,,,,,,,,,,,,,,,,,,,,,4.23529411764706,4.23529411764706,4.22857142857143,4.51428571428571,4.8
Finland,FIN,Strength of legal rights index (0=weak to 12=strong),IC.LGL.CRED.XQ,,,,,,,,,,,,,,,,,,,,,,,,,,,,,,,,,,,,,,,,,,,,,,,,,,,,,,7,7,7,7,7
Fiji,FJI,Strength of legal rights index (0=weak to 12=strong),IC.LGL.CRED.XQ,,,,,,,,,,,,,,,,,,,,,,,,,,,,,,,,,,,,,,,,,,,,,,,,,,,,,,5,5,5,5,5
France,FRA,Strength of legal rights index (0=weak to 12=strong),IC.LGL.CRED.XQ,,,,,,,,,,,,,,,,,,,,,,,,,,,,,,,,,,,,,,,,,,,,,,,,,,,,,,4,4,4,4,4
Faroe Islands,FRO,Strength of legal rights index (0=weak to 12=strong),IC.LGL.CRED.XQ,,,,,,,,,,,,,,,,,,,,,,,,,,,,,,,,,,,,,,,,,,,,,,,,,,,,,,,,,,
"Micronesia, Fed. Sts.",FSM,Strength of legal rights index (0=weak to 12=strong),IC.LGL.CRED.XQ,,,,,,,,,,,,,,,,,,,,,,,,,,,,,,,,,,,,,,,,,,,,,,,,,,,,,,10,10,10,10,10
Gabon,GAB,Strength of legal rights index (0=weak to 12=strong),IC.LGL.CRED.XQ,,,,,,,,,,,,,,,,,,,,,,,,,,,,,,,,,,,,,,,,,,,,,,,,,,,,,,6,6,6,6,6
United Kingdom,GBR,Strength of legal rights index (0=weak to 12=strong),IC.LGL.CRED.XQ,,,,,,,,,,,,,,,,,,,,,,,,,,,,,,,,,,,,,,,,,,,,,,,,,,,,,,7,7,7,7,7
Georgia,GEO,Strength of legal rights index (0=weak to 12=strong),IC.LGL.CRED.XQ,,,,,,,,,,,,,,,,,,,,,,,,,,,,,,,,,,,,,,,,,,,,,,,,,,,,,,9,9,9,9,9
Ghana,GHA,Strength of legal rights index (0=weak to 12=strong),IC.LGL.CRED.XQ,,,,,,,,,,,,,,,,,,,,,,,,,,,,,,,,,,,,,,,,,,,,,,,,,,,,,,7,7,7,7,7
Gibraltar,GIB,Strength of legal rights index (0=weak to 12=strong),IC.LGL.CRED.XQ,,,,,,,,,,,,,,,,,,,,,,,,,,,,,,,,,,,,,,,,,,,,,,,,,,,,,,,,,,
Guinea,GIN,Strength of legal rights index (0=weak to 12=strong),IC.LGL.CRED.XQ,,,,,,,,,,,,,,,,,,,,,,,,,,,,,,,,,,,,,,,,,,,,,,,,,,,,,,6,6,6,6,6
"Gambia, The",GMB,Strength of legal rights index (0=weak to 12=strong),IC.LGL.CRED.XQ,,,,,,,,,,,,,,,,,,,,,,,,,,,,,,,,,,,,,,,,,,,,,,,,,,,,,,4,4,4,8,8
Guinea-Bissau,GNB,Strength of legal rights index (0=weak to 12=strong),IC.LGL.CRED.XQ,,,,,,,,,,,,,,,,,,,,,,,,,,,,,,,,,,,,,,,,,,,,,,,,,,,,,,6,6,6,6,6
Equatorial Guinea,GNQ,Strength of legal rights index (0=weak to 12=strong),IC.LGL.CRED.XQ,,,,,,,,,,,,,,,,,,,,,,,,,,,,,,,,,,,,,,,,,,,,,,,,,,,,,,6,6,6,6,6
Greece,GRC,Strength of legal rights index (0=weak to 12=strong),IC.LGL.CRED.XQ,,,,,,,,,,,,,,,,,,,,,,,,,,,,,,,,,,,,,,,,,,,,,,,,,,,,,,3,3,3,3,3
Grenada,GRD,Strength of legal rights index (0=weak to 12=strong),IC.LGL.CRED.XQ,,,,,,,,,,,,,,,,,,,,,,,,,,,,,,,,,,,,,,,,,,,,,,,,,,,,,,6,6,6,6,6
Greenland,GRL,Strength of legal rights index (0=weak to 12=strong),IC.LGL.CRED.XQ,,,,,,,,,,,,,,,,,,,,,,,,,,,,,,,,,,,,,,,,,,,,,,,,,,,,,,,,,,
Guatemala,GTM,Strength of legal rights index (0=weak to 12=strong),IC.LGL.CRED.XQ,,,,,,,,,,,,,,,,,,,,,,,,,,,,,,,,,,,,,,,,,,,,,,,,,,,,,,9,9,9,9,9
Guam,GUM,Strength of legal rights index (0=weak to 12=strong),IC.LGL.CRED.XQ,,,,,,,,,,,,,,,,,,,,,,,,,,,,,,,,,,,,,,,,,,,,,,,,,,,,,,,,,,
Guyana,GUY,Strength of legal rights index (0=weak to 12=strong),IC.LGL.CRED.XQ,,,,,,,,,,,,,,,,,,,,,,,,,,,,,,,,,,,,,,,,,,,,,,,,,,,,,,3,3,3,3,3
High income,HIC,Strength of legal rights index (0=weak to 12=strong),IC.LGL.CRED.XQ,,,,,,,,,,,,,,,,,,,,,,,,,,,,,,,,,,,,,,,,,,,,,,,,,,,,,,5.28571428571429,5.41071428571429,5.42857142857143,5.41071428571429,5.53571428571429
"Hong Kong SAR, China",HKG,Strength of legal rights index (0=weak to 12=strong),IC.LGL.CRED.XQ,,,,,,,,,,,,,,,,,,,,,,,,,,,,,,,,,,,,,,,,,,,,,,,,,,,,,,7,7,8,8,8
Honduras,HND,Strength of legal rights index (0=weak to 12=strong),IC.LGL.CRED.XQ,,,,,,,,,,,,,,,,,,,,,,,,,,,,,,,,,,,,,,,,,,,,,,,,,,,,,,9,9,9,9,9
Heavily indebted poor countries (HIPC),HPC,Strength of legal rights index (0=weak to 12=strong),IC.LGL.CRED.XQ,,,,,,,,,,,,,,,,,,,,,,,,,,,,,,,,,,,,,,,,,,,,,,,,,,,,,,4.71052631578947,4.73684210526316,4.74358974358974,4.94871794871795,5.1025641025641
Croatia,HRV,Strength of legal rights index (0=weak to 12=strong),IC.LGL.CRED.XQ,,,,,,,,,,,,,,,,,,,,,,,,,,,,,,,,,,,,,,,,,,,,,,,,,,,,,,5,5,5,5,5
Haiti,HTI,Strength of legal rights index (0=weak to 12=strong),IC.LGL.CRED.XQ,,,,,,,,,,,,,,,,,,,,,,,,,,,,,,,,,,,,,,,,,,,,,,,,,,,,,,2,2,2,2,2
Hungary,HUN,Strength of legal rights index (0=weak to 12=strong),IC.LGL.CRED.XQ,,,,,,,,,,,,,,,,,,,,,,,,,,,,,,,,,,,,,,,,,,,,,,,,,,,,,,6,10,10,10,10
IBRD only,IBD,Strength of legal rights index (0=weak to 12=strong),IC.LGL.CRED.XQ,,,,,,,,,,,,,,,,,,,,,,,,,,,,,,,,,,,,,,,,,,,,,,,,,,,,,,4.28358208955224,4.50746268656716,4.80597014925373,4.91044776119403,5.11940298507463
IDA & IBRD total,IBT,Strength of legal rights index (0=weak to 12=strong),IC.LGL.CRED.XQ,,,,,,,,,,,,,,,,,,,,,,,,,,,,,,,,,,,,,,,,,,,,,,,,,,,,,,4.6,4.74285714285714,4.92198581560284,5.08510638297872,5.35460992907801
IDA total,IDA,Strength of legal rights index (0=weak to 12=strong),IC.LGL.CRED.XQ,,,,,,,,,,,,,,,,,,,,,,,,,,,,,,,,,,,,,,,,,,,,,,,,,,,,,,4.89041095890411,4.95890410958904,5.02702702702703,5.24324324324324,5.56756756756757
IDA blend,IDB,Strength of legal rights index (0=weak to 12=strong),IC.LGL.CRED.XQ,,,,,,,,,,,,,,,,,,,,,,,,,,,,,,,,,,,,,,,,,,,,,,,,,,,,,,4.5625,4.5625,4.875,5.3125,5.75
Indonesia,IDN,Strength of legal rights index (0=weak to 12=strong),IC.LGL.CRED.XQ,,,,,,,,,,,,,,,,,,,,,,,,,,,,,,,,,,,,,,,,,,,,,,,,,,,,,,4,4,5,6,6
IDA only,IDX,Strength of legal rights index (0=weak to 12=strong),IC.LGL.CRED.XQ,,,,,,,,,,,,,,,,,,,,,,,,,,,,,,,,,,,,,,,,,,,,,,,,,,,,,,4.98245614035088,5.07017543859649,5.06896551724138,5.22413793103448,5.51724137931035
Isle of Man,IMN,Strength of legal rights index (0=weak to 12=strong),IC.LGL.CRED.XQ,,,,,,,,,,,,,,,,,,,,,,,,,,,,,,,,,,,,,,,,,,,,,,,,,,,,,,,,,,
India,IND,Strength of legal rights index (0=weak to 12=strong),IC.LGL.CRED.XQ,,,,,,,,,,,,,,,,,,,,,,,,,,,,,,,,,,,,,,,,,,,,,,,,,,,,,,6,6,6,6,8
Not classified,INX,Strength of legal rights index (0=weak to 12=strong),IC.LGL.CRED.XQ,,,,,,,,,,,,,,,,,,,,,,,,,,,,,,,,,,,,,,,,,,,,,,,,,,,,,,,,,,
Ireland,IRL,Strength of legal rights index (0=weak to 12=strong),IC.LGL.CRED.XQ,,,,,,,,,,,,,,,,,,,,,,,,,,,,,,,,,,,,,,,,,,,,,,,,,,,,,,7,7,7,7,7
"Iran, Islamic Rep.",IRN,Strength of legal rights index (0=weak to 12=strong),IC.LGL.CRED.XQ,,,,,,,,,,,,,,,,,,,,,,,,,,,,,,,,,,,,,,,,,,,,,,,,,,,,,,2,2,2,2,2
Iraq,IRQ,Strength of legal rights index (0=weak to 12=strong),IC.LGL.CRED.XQ,,,,,,,,,,,,,,,,,,,,,,,,,,,,,,,,,,,,,,,,,,,,,,,,,,,,,,0,0,0,0,0
Iceland,ISL,Strength of legal rights index (0=weak to 12=strong),IC.LGL.CRED.XQ,,,,,,,,,,,,,,,,,,,,,,,,,,,,,,,,,,,,,,,,,,,,,,,,,,,,,,5,5,5,5,5
Israel,ISR,Strength of legal rights index (0=weak to 12=strong),IC.LGL.CRED.XQ,,,,,,,,,,,,,,,,,,,,,,,,,,,,,,,,,,,,,,,,,,,,,,,,,,,,,,6,6,6,6,6
Italy,ITA,Strength of legal rights index (0=weak to 12=strong),IC.LGL.CRED.XQ,,,,,,,,,,,,,,,,,,,,,,,,,,,,,,,,,,,,,,,,,,,,,,,,,,,,,,2,2,2,2,2
Jamaica,JAM,Strength of legal rights index (0=weak to 12=strong),IC.LGL.CRED.XQ,,,,,,,,,,,,,,,,,,,,,,,,,,,,,,,,,,,,,,,,,,,,,,,,,,,,,,6,10,9,9,9
Jordan,JOR,Strength of legal rights index (0=weak to 12=strong),IC.LGL.CRED.XQ,,,,,,,,,,,,,,,,,,,,,,,,,,,,,,,,,,,,,,,,,,,,,,,,,,,,,,0,0,0,0,0
Japan,JPN,Strength of legal rights index (0=weak to 12=strong),IC.LGL.CRED.XQ,,,,,,,,,,,,,,,,,,,,,,,,,,,,,,,,,,,,,,,,,,,,,,,,,,,,,,5,5,5,5,5
Kazakhstan,KAZ,Strength of legal rights index (0=weak to 12=strong),IC.LGL.CRED.XQ,,,,,,,,,,,,,,,,,,,,,,,,,,,,,,,,,,,,,,,,,,,,,,,,,,,,,,3,3,4,4,4
Kenya,KEN,Strength of legal rights index (0=weak to 12=strong),IC.LGL.CRED.XQ,,,,,,,,,,,,,,,,,,,,,,,,,,,,,,,,,,,,,,,,,,,,,,,,,,,,,,7,7,7,7,7
Kyrgyz Republic,KGZ,Strength of legal rights index (0=weak to 12=strong),IC.LGL.CRED.XQ,,,,,,,,,,,,,,,,,,,,,,,,,,,,,,,,,,,,,,,,,,,,,,,,,,,,,,8,8,8,8,9
Cambodia,KHM,Strength of legal rights index (0=weak to 12=strong),IC.LGL.CRED.XQ,,,,,,,,,,,,,,,,,,,,,,,,,,,,,,,,,,,,,,,,,,,,,,,,,,,,,,10,10,10,10,10
Kiribati,KIR,Strength of legal rights index (0=weak to 12=strong),IC.LGL.CRED.XQ,,,,,,,,,,,,,,,,,,,,,,,,,,,,,,,,,,,,,,,,,,,,,,,,,,,,,,4,4,4,4,4
St. Kitts and Nevis,KNA,Strength of legal rights index (0=weak to 12=strong),IC.LGL.CRED.XQ,,,,,,,,,,,,,,,,,,,,,,,,,,,,,,,,,,,,,,,,,,,,,,,,,,,,,,5,5,5,5,5
"Korea, Rep.",KOR,Strength of legal rights index (0=weak to 12=strong),IC.LGL.CRED.XQ,,,,,,,,,,,,,,,,,,,,,,,,,,,,,,,,,,,,,,,,,,,,,,,,,,,,,,5,5,5,5,5
Kuwait,KWT,Strength of legal rights index (0=weak to 12=strong),IC.LGL.CRED.XQ,,,,,,,,,,,,,,,,,,,,,,,,,,,,,,,,,,,,,,,,,,,,,,,,,,,,,,1,1,1,1,1
Latin America & Caribbean (excluding high income),LAC,Strength of legal rights index (0=weak to 12=strong),IC.LGL.CRED.XQ,,,,,,,,,,,,,,,,,,,,,,,,,,,,,,,,,,,,,,,,,,,,,,,,,,,,,,3.84,4.44,5.04,5.04,5.04
Lao PDR,LAO,Strength of legal rights index (0=weak to 12=strong),IC.LGL.CRED.XQ,,,,,,,,,,,,,,,,,,,,,,,,,,,,,,,,,,,,,,,,,,,,,,,,,,,,,,2,6,6,6,6
Lebanon,LBN,Strength of legal rights index (0=weak to 12=strong),IC.LGL.CRED.XQ,,,,,,,,,,,,,,,,,,,,,,,,,,,,,,,,,,,,,,,,,,,,,,,,,,,,,,2,2,2,2,2
Liberia,LBR,Strength of legal rights index (0=weak to 12=strong),IC.LGL.CRED.XQ,,,,,,,,,,,,,,,,,,,,,,,,,,,,,,,,,,,,,,,,,,,,,,,,,,,,,,5,5,9,9,9
Libya,LBY,Strength of legal rights index (0=weak to 12=strong),IC.LGL.CRED.XQ,,,,,,,,,,,,,,,,,,,,,,,,,,,,,,,,,,,,,,,,,,,,,,,,,,,,,,0,0,0,0,0
St. Lucia,LCA,Strength of legal rights index (0=weak to 12=strong),IC.LGL.CRED.XQ,,,,,,,,,,,,,,,,,,,,,,,,,,,,,,,,,,,,,,,,,,,,,,,,,,,,,,5,5,5,5,5
Latin America & Caribbean,LCN,Strength of legal rights index (0=weak to 12=strong),IC.LGL.CRED.XQ,,,,,,,,,,,,,,,,,,,,,,,,,,,,,,,,,,,,,,,,,,,,,,,,,,,,,,4.36363636363636,4.84848484848485,5.3030303030303,5.3030303030303,5.3030303030303
Least developed countries: UN classification,LDC,Strength of legal rights index (0=weak to 12=strong),IC.LGL.CRED.XQ,,,,,,,,,,,,,,,,,,,,,,,,,,,,,,,,,,,,,,,,,,,,,,,,,,,,,,4.51111111111111,4.62222222222222,4.6304347826087,4.82608695652174,5.04347826086957
Low income,LIC,Strength of legal rights index (0=weak to 12=strong),IC.LGL.CRED.XQ,,,,,,,,,,,,,,,,,,,,,,,,,,,,,,,,,,,,,,,,,,,,,,,,,,,,,,4.89655172413793,4.93103448275862,4.93333333333333,5.2,5.4
Liechtenstein,LIE,Strength of legal rights index (0=weak to 12=strong),IC.LGL.CRED.XQ,,,,,,,,,,,,,,,,,,,,,,,,,,,,,,,,,,,,,,,,,,,,,,,,,,,,,,,,,,
Sri Lanka,LKA,Strength of legal rights index (0=weak to 12=strong),IC.LGL.CRED.XQ,,,,,,,,,,,,,,,,,,,,,,,,,,,,,,,,,,,,,,,,,,,,,,,,,,,,,,2,2,2,2,2
Lower middle income,LMC,Strength of legal rights index (0=weak to 12=strong),IC.LGL.CRED.XQ,,,,,,,,,,,,,,,,,,,,,,,,,,,,,,,,,,,,,,,,,,,,,,,,,,,,,,4.30188679245283,4.37735849056604,4.60377358490566,4.81132075471698,5.28301886792453
Low & middle income,LMY,Strength of legal rights index (0=weak to 12=strong),IC.LGL.CRED.XQ,,,,,,,,,,,,,,,,,,,,,,,,,,,,,,,,,,,,,,,,,,,,,,,,,,,,,,4.5187969924812,4.66165413533835,4.85074626865672,5.02238805970149,5.36567164179105
Lesotho,LSO,Strength of legal rights index (0=weak to 12=strong),IC.LGL.CRED.XQ,,,,,,,,,,,,,,,,,,,,,,,,,,,,,,,,,,,,,,,,,,,,,,,,,,,,,,5,5,5,5,5
Late-demographic dividend,LTE,Strength of legal rights index (0=weak to 12=strong),IC.LGL.CRED.XQ,,,,,,,,,,,,,,,,,,,,,,,,,,,,,,,,,,,,,,,,,,,,,,,,,,,,,,5.04166666666667,5.29166666666667,5.52083333333333,5.66666666666667,6.10416666666667
Lithuania,LTU,Strength of legal rights index (0=weak to 12=strong),IC.LGL.CRED.XQ,,,,,,,,,,,,,,,,,,,,,,,,,,,,,,,,,,,,,,,,,,,,,,,,,,,,,,6,6,6,6,6
Luxembourg,LUX,Strength of legal rights index (0=weak to 12=strong),IC.LGL.CRED.XQ,,,,,,,,,,,,,,,,,,,,,,,,,,,,,,,,,,,,,,,,,,,,,,,,,,,,,,3,3,3,3,3
Latvia,LVA,Strength of legal rights index (0=weak to 12=strong),IC.LGL.CRED.XQ,,,,,,,,,,,,,,,,,,,,,,,,,,,,,,,,,,,,,,,,,,,,,,,,,,,,,,9,9,9,9,9
"Macao SAR, China",MAC,Strength of legal rights index (0=weak to 12=strong),IC.LGL.CRED.XQ,,,,,,,,,,,,,,,,,,,,,,,,,,,,,,,,,,,,,,,,,,,,,,,,,,,,,,,,,,
St. Martin (French part),MAF,Strength of legal rights index (0=weak to 12=strong),IC.LGL.CRED.XQ,,,,,,,,,,,,,,,,,,,,,,,,,,,,,,,,,,,,,,,,,,,,,,,,,,,,,,,,,,
Morocco,MAR,Strength of legal rights index (0=weak to 12=strong),IC.LGL.CRED.XQ,,,,,,,,,,,,,,,,,,,,,,,,,,,,,,,,,,,,,,,,,,,,,,,,,,,,,,2,2,2,2,2
Monaco,MCO,Strength of legal rights index (0=weak to 12=strong),IC.LGL.CRED.XQ,,,,,,,,,,,,,,,,,,,,,,,,,,,,,,,,,,,,,,,,,,,,,,,,,,,,,,,,,,
Moldova,MDA,Strength of legal rights index (0=weak to 12=strong),IC.LGL.CRED.XQ,,,,,,,,,,,,,,,,,,,,,,,,,,,,,,,,,,,,,,,,,,,,,,,,,,,,,,8,8,8,8,8
Madagascar,MDG,Strength of legal rights index (0=weak to 12=strong),IC.LGL.CRED.XQ,,,,,,,,,,,,,,,,,,,,,,,,,,,,,,,,,,,,,,,,,,,,,,,,,,,,,,1,1,2,2,2
Maldives,MDV,Strength of legal rights index (0=weak to 12=strong),IC.LGL.CRED.XQ,,,,,,,,,,,,,,,,,,,,,,,,,,,,,,,,,,,,,,,,,,,,,,,,,,,,,,2,2,2,2,2
Middle East & North Africa,MEA,Strength of legal rights index (0=weak to 12=strong),IC.LGL.CRED.XQ,,,,,,,,,,,,,,,,,,,,,,,,,,,,,,,,,,,,,,,,,,,,,,,,,,,,,,1.47619047619048,1.47619047619048,1.47619047619048,1.47619047619048,1.85714285714286
Mexico,MEX,Strength of legal rights index (0=weak to 12=strong),IC.LGL.CRED.XQ,,,,,,,,,,,,,,,,,,,,,,,,,,,,,,,,,,,,,,,,,,,,,,,,,,,,,,7,8,10,10,10
Marshall Islands,MHL,Strength of legal rights index (0=weak to 12=strong),IC.LGL.CRED.XQ,,,,,,,,,,,,,,,,,,,,,,,,,,,,,,,,,,,,,,,,,,,,,,,,,,,,,,10,10,10,10,10
Middle income,MIC,Strength of legal rights index (0=weak to 12=strong),IC.LGL.CRED.XQ,,,,,,,,,,,,,,,,,,,,,,,,,,,,,,,,,,,,,,,,,,,,,,,,,,,,,,4.41346153846154,4.58653846153846,4.82692307692308,4.97115384615385,5.35576923076923
"Macedonia, FYR",MKD,Strength of legal rights index (0=weak to 12=strong),IC.LGL.CRED.XQ,,,,,,,,,,,,,,,,,,,,,,,,,,,,,,,,,,,,,,,,,,,,,,,,,,,,,,6,6,6,10,10
Mali,MLI,Strength of legal rights index (0=weak to 12=strong),IC.LGL.CRED.XQ,,,,,,,,,,,,,,,,,,,,,,,,,,,,,,,,,,,,,,,,,,,,,,,,,,,,,,6,6,6,6,6
Malta,MLT,Strength of legal rights index (0=weak to 12=strong),IC.LGL.CRED.XQ,,,,,,,,,,,,,,,,,,,,,,,,,,,,,,,,,,,,,,,,,,,,,,,,,,,,,,2,2,2,2,2
Myanmar,MMR,Strength of legal rights index (0=weak to 12=strong),IC.LGL.CRED.XQ,,,,,,,,,,,,,,,,,,,,,,,,,,,,,,,,,,,,,,,,,,,,,,,,,,,,,,2,2,2,2,2
Middle East & North Africa (excluding high income),MNA,Strength of legal rights index (0=weak to 12=strong),IC.LGL.CRED.XQ,,,,,,,,,,,,,,,,,,,,,,,,,,,,,,,,,,,,,,,,,,,,,,,,,,,,,,1.15384615384615,1.15384615384615,1.15384615384615,1.15384615384615,1.76923076923077
Montenegro,MNE,Strength of legal rights index (0=weak to 12=strong),IC.LGL.CRED.XQ,,,,,,,,,,,,,,,,,,,,,,,,,,,,,,,,,,,,,,,,,,,,,,,,,,,,,,12,12,12,12,12
Mongolia,MNG,Strength of legal rights index (0=weak to 12=strong),IC.LGL.CRED.XQ,,,,,,,,,,,,,,,,,,,,,,,,,,,,,,,,,,,,,,,,,,,,,,,,,,,,,,5,5,5,5,9
Northern Mariana Islands,MNP,Strength of legal rights index (0=weak to 12=strong),IC.LGL.CRED.XQ,,,,,,,,,,,,,,,,,,,,,,,,,,,,,,,,,,,,,,,,,,,,,,,,,,,,,,,,,,
Mozambique,MOZ,Strength of legal rights index (0=weak to 12=strong),IC.LGL.CRED.XQ,,,,,,,,,,,,,,,,,,,,,,,,,,,,,,,,,,,,,,,,,,,,,,,,,,,,,,1,1,1,1,1
Mauritania,MRT,Strength of legal rights index (0=weak to 12=strong),IC.LGL.CRED.XQ,,,,,,,,,,,,,,,,,,,,,,,,,,,,,,,,,,,,,,,,,,,,,,,,,,,,,,2,2,2,2,2
Mauritius,MUS,Strength of legal rights index (0=weak to 12=strong),IC.LGL.CRED.XQ,,,,,,,,,,,,,,,,,,,,,,,,,,,,,,,,,,,,,,,,,,,,,,,,,,,,,,6,6,6,6,6
Malawi,MWI,Strength of legal rights index (0=weak to 12=strong),IC.LGL.CRED.XQ,,,,,,,,,,,,,,,,,,,,,,,,,,,,,,,,,,,,,,,,,,,,,,,,,,,,,,5,5,5,9,11
Malaysia,MYS,Strength of legal rights index (0=weak to 12=strong),IC.LGL.CRED.XQ,,,,,,,,,,,,,,,,,,,,,,,,,,,,,,,,,,,,,,,,,,,,,,,,,,,,,,7,7,7,7,8
North America,NAC,Strength of legal rights index (0=weak to 12=strong),IC.LGL.CRED.XQ,,,,,,,,,,,,,,,,,,,,,,,,,,,,,,,,,,,,,,,,,,,,,,,,,,,,,,10,10,10,10,10
Namibia,NAM,Strength of legal rights index (0=weak to 12=strong),IC.LGL.CRED.XQ,,,,,,,,,,,,,,,,,,,,,,,,,,,,,,,,,,,,,,,,,,,,,,,,,,,,,,5,5,5,5,5
New Caledonia,NCL,Strength of legal rights index (0=weak to 12=strong),IC.LGL.CRED.XQ,,,,,,,,,,,,,,,,,,,,,,,,,,,,,,,,,,,,,,,,,,,,,,,,,,,,,,,,,,
Niger,NER,Strength of legal rights index (0=weak to 12=strong),IC.LGL.CRED.XQ,,,,,,,,,,,,,,,,,,,,,,,,,,,,,,,,,,,,,,,,,,,,,,,,,,,,,,6,6,6,6,6
Nigeria,NGA,Strength of legal rights index (0=weak to 12=strong),IC.LGL.CRED.XQ,,,,,,,,,,,,,,,,,,,,,,,,,,,,,,,,,,,,,,,,,,,,,,,,,,,,,,6,6,6,7,10
Nicaragua,NIC,Strength of legal rights index (0=weak to 12=strong),IC.LGL.CRED.XQ,,,,,,,,,,,,,,,,,,,,,,,,,,,,,,,,,,,,,,,,,,,,,,,,,,,,,,1,1,1,1,1
Netherlands,NLD,Strength of legal rights index (0=weak to 12=strong),IC.LGL.CRED.XQ,,,,,,,,,,,,,,,,,,,,,,,,,,,,,,,,,,,,,,,,,,,,,,,,,,,,,,2,2,2,2,2
Norway,NOR,Strength of legal rights index (0=weak to 12=strong),IC.LGL.CRED.XQ,,,,,,,,,,,,,,,,,,,,,,,,,,,,,,,,,,,,,,,,,,,,,,,,,,,,,,5,5,5,5,5
Nepal,NPL,Strength of legal rights index (0=weak to 12=strong),IC.LGL.CRED.XQ,,,,,,,,,,,,,,,,,,,,,,,,,,,,,,,,,,,,,,,,,,,,,,,,,,,,,,6,6,6,6,10
Nauru,NRU,Strength of legal rights index (0=weak to 12=strong),IC.LGL.CRED.XQ,,,,,,,,,,,,,,,,,,,,,,,,,,,,,,,,,,,,,,,,,,,,,,,,,,,,,,,,,,
New Zealand,NZL,Strength of legal rights index (0=weak to 12=strong),IC.LGL.CRED.XQ,,,,,,,,,,,,,,,,,,,,,,,,,,,,,,,,,,,,,,,,,,,,,,,,,,,,,,12,12,12,12,12
OECD members,OED,Strength of legal rights index (0=weak to 12=strong),IC.LGL.CRED.XQ,,,,,,,,,,,,,,,,,,,,,,,,,,,,,,,,,,,,,,,,,,,,,,,,,,,,,,5.77142857142857,5.97142857142857,6.02857142857143,6.02857142857143,6.08571428571429
Oman,OMN,Strength of legal rights index (0=weak to 12=strong),IC.LGL.CRED.XQ,,,,,,,,,,,,,,,,,,,,,,,,,,,,,,,,,,,,,,,,,,,,,,,,,,,,,,1,1,1,1,1
Other small states,OSS,Strength of legal rights index (0=weak to 12=strong),IC.LGL.CRED.XQ,,,,,,,,,,,,,,,,,,,,,,,,,,,,,,,,,,,,,,,,,,,,,,,,,,,,,,4,4,4,4.19230769230769,4.46153846153846
Pakistan,PAK,Strength of legal rights index (0=weak to 12=strong),IC.LGL.CRED.XQ,,,,,,,,,,,,,,,,,,,,,,,,,,,,,,,,,,,,,,,,,,,,,,,,,,,,,,2,2,2,2,2
Panama,PAN,Strength of legal rights index (0=weak to 12=strong),IC.LGL.CRED.XQ,,,,,,,,,,,,,,,,,,,,,,,,,,,,,,,,,,,,,,,,,,,,,,,,,,,,,,4,7,7,7,7
Peru,PER,Strength of legal rights index (0=weak to 12=strong),IC.LGL.CRED.XQ,,,,,,,,,,,,,,,,,,,,,,,,,,,,,,,,,,,,,,,,,,,,,,,,,,,,,,8,8,8,8,8
Philippines,PHL,Strength of legal rights index (0=weak to 12=strong),IC.LGL.CRED.XQ,,,,,,,,,,,,,,,,,,,,,,,,,,,,,,,,,,,,,,,,,,,,,,,,,,,,,,1,1,1,1,1
Palau,PLW,Strength of legal rights index (0=weak to 12=strong),IC.LGL.CRED.XQ,,,,,,,,,,,,,,,,,,,,,,,,,,,,,,,,,,,,,,,,,,,,,,,,,,,,,,10,10,10,10,10
Papua New Guinea,PNG,Strength of legal rights index (0=weak to 12=strong),IC.LGL.CRED.XQ,,,,,,,,,,,,,,,,,,,,,,,,,,,,,,,,,,,,,,,,,,,,,,,,,,,,,,3,3,3,9,9
Poland,POL,Strength of legal rights index (0=weak to 12=strong),IC.LGL.CRED.XQ,,,,,,,,,,,,,,,,,,,,,,,,,,,,,,,,,,,,,,,,,,,,,,,,,,,,,,7,7,7,7,7
Pre-demographic dividend,PRE,Strength of legal rights index (0=weak to 12=strong),IC.LGL.CRED.XQ,,,,,,,,,,,,,,,,,,,,,,,,,,,,,,,,,,,,,,,,,,,,,,,,,,,,,,4.63888888888889,4.63888888888889,4.64864864864865,4.89189189189189,5.13513513513514
Puerto Rico,PRI,Strength of legal rights index (0=weak to 12=strong),IC.LGL.CRED.XQ,,,,,,,,,,,,,,,,,,,,,,,,,,,,,,,,,,,,,,,,,,,,,,,,,,,,,,11,11,11,11,11
"Korea, Dem. People’s Rep.",PRK,Strength of legal rights index (0=weak to 12=strong),IC.LGL.CRED.XQ,,,,,,,,,,,,,,,,,,,,,,,,,,,,,,,,,,,,,,,,,,,,,,,,,,,,,,,,,,
Portugal,PRT,Strength of legal rights index (0=weak to 12=strong),IC.LGL.CRED.XQ,,,,,,,,,,,,,,,,,,,,,,,,,,,,,,,,,,,,,,,,,,,,,,,,,,,,,,2,2,2,2,2
Paraguay,PRY,Strength of legal rights index (0=weak to 12=strong),IC.LGL.CRED.XQ,,,,,,,,,,,,,,,,,,,,,,,,,,,,,,,,,,,,,,,,,,,,,,,,,,,,,,2,1,1,1,1
West Bank and Gaza,PSE,Strength of legal rights index (0=weak to 12=strong),IC.LGL.CRED.XQ,,,,,,,,,,,,,,,,,,,,,,,,,,,,,,,,,,,,,,,,,,,,,,,,,,,,,,0,0,0,0,8
Pacific island small states,PSS,Strength of legal rights index (0=weak to 12=strong),IC.LGL.CRED.XQ,,,,,,,,,,,,,,,,,,,,,,,,,,,,,,,,,,,,,,,,,,,,,,,,,,,,,,8.22222222222222,8.22222222222222,8.22222222222222,8.33333333333333,8.77777777777778
Post-demographic dividend,PST,Strength of legal rights index (0=weak to 12=strong),IC.LGL.CRED.XQ,,,,,,,,,,,,,,,,,,,,,,,,,,,,,,,,,,,,,,,,,,,,,,,,,,,,,,5.75,5.91666666666667,5.94444444444444,5.94444444444444,5.97222222222222
French Polynesia,PYF,Strength of legal rights index (0=weak to 12=strong),IC.LGL.CRED.XQ,,,,,,,,,,,,,,,,,,,,,,,,,,,,,,,,,,,,,,,,,,,,,,,,,,,,,,,,,,
Qatar,QAT,Strength of legal rights index (0=weak to 12=strong),IC.LGL.CRED.XQ,,,,,,,,,,,,,,,,,,,,,,,,,,,,,,,,,,,,,,,,,,,,,,,,,,,,,,1,1,1,1,1
Romania,ROU,Strength of legal rights index (0=weak to 12=strong),IC.LGL.CRED.XQ,,,,,,,,,,,,,,,,,,,,,,,,,,,,,,,,,,,,,,,,,,,,,,,,,,,,,,9,9,9,9,9
Russian Federation,RUS,Strength of legal rights index (0=weak to 12=strong),IC.LGL.CRED.XQ,,,,,,,,,,,,,,,,,,,,,,,,,,,,,,,,,,,,,,,,,,,,,,,,,,,,,,4,4,7,7,8
Rwanda,RWA,Strength of legal rights index (0=weak to 12=strong),IC.LGL.CRED.XQ,,,,,,,,,,,,,,,,,,,,,,,,,,,,,,,,,,,,,,,,,,,,,,,,,,,,,,9,10,10,10,10
South Asia,SAS,Strength of legal rights index (0=weak to 12=strong),IC.LGL.CRED.XQ,,,,,,,,,,,,,,,,,,,,,,,,,,,,,,,,,,,,,,,,,,,,,,,,,,,,,,4.5,4.5,4.5,4.5,5.25
Saudi Arabia,SAU,Strength of legal rights index (0=weak to 12=strong),IC.LGL.CRED.XQ,,,,,,,,,,,,,,,,,,,,,,,,,,,,,,,,,,,,,,,,,,,,,,,,,,,,,,2,2,2,2,2
Sudan,SDN,Strength of legal rights index (0=weak to 12=strong),IC.LGL.CRED.XQ,,,,,,,,,,,,,,,,,,,,,,,,,,,,,,,,,,,,,,,,,,,,,,,,,,,,,,3,3,3,3,3
Senegal,SEN,Strength of legal rights index (0=weak to 12=strong),IC.LGL.CRED.XQ,,,,,,,,,,,,,,,,,,,,,,,,,,,,,,,,,,,,,,,,,,,,,,,,,,,,,,6,6,6,6,6
Singapore,SGP,Strength of legal rights index (0=weak to 12=strong),IC.LGL.CRED.XQ,,,,,,,,,,,,,,,,,,,,,,,,,,,,,,,,,,,,,,,,,,,,,,,,,,,,,,8,8,8,8,8
Solomon Islands,SLB,Strength of legal rights index (0=weak to 12=strong),IC.LGL.CRED.XQ,,,,,,,,,,,,,,,,,,,,,,,,,,,,,,,,,,,,,,,,,,,,,,,,,,,,,,10,10,10,10,10
Sierra Leone,SLE,Strength of legal rights index (0=weak to 12=strong),IC.LGL.CRED.XQ,,,,,,,,,,,,,,,,,,,,,,,,,,,,,,,,,,,,,,,,,,,,,,,,,,,,,,5,5,5,5,5
El Salvador,SLV,Strength of legal rights index (0=weak to 12=strong),IC.LGL.CRED.XQ,,,,,,,,,,,,,,,,,,,,,,,,,,,,,,,,,,,,,,,,,,,,,,,,,,,,,,3,3,9,9,9
San Marino,SMR,Strength of legal rights index (0=weak to 12=strong),IC.LGL.CRED.XQ,,,,,,,,,,,,,,,,,,,,,,,,,,,,,,,,,,,,,,,,,,,,,,,,,,,,,,1,1,1,1,1
Somalia,SOM,Strength of legal rights index (0=weak to 12=strong),IC.LGL.CRED.XQ,,,,,,,,,,,,,,,,,,,,,,,,,,,,,,,,,,,,,,,,,,,,,,,,,,,,,,,,0,0,0
Serbia,SRB,Strength of legal rights index (0=weak to 12=strong),IC.LGL.CRED.XQ,,,,,,,,,,,,,,,,,,,,,,,,,,,,,,,,,,,,,,,,,,,,,,,,,,,,,,6,6,6,6,6
Sub-Saharan Africa (excluding high income),SSA,Strength of legal rights index (0=weak to 12=strong),IC.LGL.CRED.XQ,,,,,,,,,,,,,,,,,,,,,,,,,,,,,,,,,,,,,,,,,,,,,,,,,,,,,,4.78260869565217,4.80434782608696,4.80851063829787,5,5.19148936170213
South Sudan,SSD,Strength of legal rights index (0=weak to 12=strong),IC.LGL.CRED.XQ,,,,,,,,,,,,,,,,,,,,,,,,,,,,,,,,,,,,,,,,,,,,,,,,,,,,,,2,2,2,2,2
Sub-Saharan Africa,SSF,Strength of legal rights index (0=weak to 12=strong),IC.LGL.CRED.XQ,,,,,,,,,,,,,,,,,,,,,,,,,,,,,,,,,,,,,,,,,,,,,,,,,,,,,,4.72340425531915,4.74468085106383,4.75,4.9375,5.125
Small states,SST,Strength of legal rights index (0=weak to 12=strong),IC.LGL.CRED.XQ,,,,,,,,,,,,,,,,,,,,,,,,,,,,,,,,,,,,,,,,,,,,,,,,,,,,,,5.08333333333333,5.1875,5.16666666666667,5.29166666666667,5.52083333333333
Sao Tome and Principe,STP,Strength of legal rights index (0=weak to 12=strong),IC.LGL.CRED.XQ,,,,,,,,,,,,,,,,,,,,,,,,,,,,,,,,,,,,,,,,,,,,,,,,,,,,,,0,0,0,0,0
Suriname,SUR,Strength of legal rights index (0=weak to 12=strong),IC.LGL.CRED.XQ,,,,,,,,,,,,,,,,,,,,,,,,,,,,,,,,,,,,,,,,,,,,,,,,,,,,,,2,2,2,2,2
Slovak Republic,SVK,Strength of legal rights index (0=weak to 12=strong),IC.LGL.CRED.XQ,,,,,,,,,,,,,,,,,,,,,,,,,,,,,,,,,,,,,,,,,,,,,,,,,,,,,,7,7,7,7,7
Slovenia,SVN,Strength of legal rights index (0=weak to 12=strong),IC.LGL.CRED.XQ,,,,,,,,,,,,,,,,,,,,,,,,,,,,,,,,,,,,,,,,,,,,,,,,,,,,,,3,3,3,3,3
Sweden,SWE,Strength of legal rights index (0=weak to 12=strong),IC.LGL.CRED.XQ,,,,,,,,,,,,,,,,,,,,,,,,,,,,,,,,,,,,,,,,,,,,,,,,,,,,,,6,6,6,6,6
Swaziland,SWZ,Strength of legal rights index (0=weak to 12=strong),IC.LGL.CRED.XQ,,,,,,,,,,,,,,,,,,,,,,,,,,,,,,,,,,,,,,,,,,,,,,,,,,,,,,4,4,4,4,4
Sint Maarten (Dutch part),SXM,Strength of legal rights index (0=weak to 12=strong),IC.LGL.CRED.XQ,,,,,,,,,,,,,,,,,,,,,,,,,,,,,,,,,,,,,,,,,,,,,,,,,,,,,,,,,,
Seychelles,SYC,Strength of legal rights index (0=weak to 12=strong),IC.LGL.CRED.XQ,,,,,,,,,,,,,,,,,,,,,,,,,,,,,,,,,,,,,,,,,,,,,,,,,,,,,,2,2,2,2,2
Syrian Arab Republic,SYR,Strength of legal rights index (0=weak to 12=strong),IC.LGL.CRED.XQ,,,,,,,,,,,,,,,,,,,,,,,,,,,,,,,,,,,,,,,,,,,,,,,,,,,,,,1,1,1,1,1
Turks and Caicos Islands,TCA,Strength of legal rights index (0=weak to 12=strong),IC.LGL.CRED.XQ,,,,,,,,,,,,,,,,,,,,,,,,,,,,,,,,,,,,,,,,,,,,,,,,,,,,,,,,,,
Chad,TCD,Strength of legal rights index (0=weak to 12=strong),IC.LGL.CRED.XQ,,,,,,,,,,,,,,,,,,,,,,,,,,,,,,,,,,,,,,,,,,,,,,,,,,,,,,6,6,6,6,6
East Asia & Pacific (IDA & IBRD countries),TEA,Strength of legal rights index (0=weak to 12=strong),IC.LGL.CRED.XQ,,,,,,,,,,,,,,,,,,,,,,,,,,,,,,,,,,,,,,,,,,,,,,,,,,,,,,5.80952380952381,6,6.04761904761905,6.42857142857143,7.09523809523809
Europe & Central Asia (IDA & IBRD countries),TEC,Strength of legal rights index (0=weak to 12=strong),IC.LGL.CRED.XQ,,,,,,,,,,,,,,,,,,,,,,,,,,,,,,,,,,,,,,,,,,,,,,,,,,,,,,5.86363636363636,5.81818181818182,6.22727272727273,6.5,6.90909090909091
Togo,TGO,Strength of legal rights index (0=weak to 12=strong),IC.LGL.CRED.XQ,,,,,,,,,,,,,,,,,,,,,,,,,,,,,,,,,,,,,,,,,,,,,,,,,,,,,,6,6,6,6,6
Thailand,THA,Strength of legal rights index (0=weak to 12=strong),IC.LGL.CRED.XQ,,,,,,,,,,,,,,,,,,,,,,,,,,,,,,,,,,,,,,,,,,,,,,,,,,,,,,3,3,3,3,7
Tajikistan,TJK,Strength of legal rights index (0=weak to 12=strong),IC.LGL.CRED.XQ,,,,,,,,,,,,,,,,,,,,,,,,,,,,,,,,,,,,,,,,,,,,,,,,,,,,,,1,1,1,1,1
Turkmenistan,TKM,Strength of legal rights index (0=weak to 12=strong),IC.LGL.CRED.XQ,,,,,,,,,,,,,,,,,,,,,,,,,,,,,,,,,,,,,,,,,,,,,,,,,,,,,,,,,,
Latin America & the Caribbean (IDA & IBRD countries),TLA,Strength of legal rights index (0=weak to 12=strong),IC.LGL.CRED.XQ,,,,,,,,,,,,,,,,,,,,,,,,,,,,,,,,,,,,,,,,,,,,,,,,,,,,,,4,4.53333333333333,5.03333333333333,5.03333333333333,5.03333333333333
Timor-Leste,TLS,Strength of legal rights index (0=weak to 12=strong),IC.LGL.CRED.XQ,,,,,,,,,,,,,,,,,,,,,,,,,,,,,,,,,,,,,,,,,,,,,,,,,,,,,,0,0,0,0,0
Middle East & North Africa (IDA & IBRD countries),TMN,Strength of legal rights index (0=weak to 12=strong),IC.LGL.CRED.XQ,,,,,,,,,,,,,,,,,,,,,,,,,,,,,,,,,,,,,,,,,,,,,,,,,,,,,,1.25,1.25,1.25,1.25,1.25
Tonga,TON,Strength of legal rights index (0=weak to 12=strong),IC.LGL.CRED.XQ,,,,,,,,,,,,,,,,,,,,,,,,,,,,,,,,,,,,,,,,,,,,,,,,,,,,,,10,10,10,10,10
South Asia (IDA & IBRD),TSA,Strength of legal rights index (0=weak to 12=strong),IC.LGL.CRED.XQ,,,,,,,,,,,,,,,,,,,,,,,,,,,,,,,,,,,,,,,,,,,,,,,,,,,,,,4.5,4.5,4.5,4.5,5.25
Sub-Saharan Africa (IDA & IBRD countries),TSS,Strength of legal rights index (0=weak to 12=strong),IC.LGL.CRED.XQ,,,,,,,,,,,,,,,,,,,,,,,,,,,,,,,,,,,,,,,,,,,,,,,,,,,,,,4.72340425531915,4.74468085106383,4.75,4.9375,5.125
Trinidad and Tobago,TTO,Strength of legal rights index (0=weak to 12=strong),IC.LGL.CRED.XQ,,,,,,,,,,,,,,,,,,,,,,,,,,,,,,,,,,,,,,,,,,,,,,,,,,,,,,6,7,7,7,7
Tunisia,TUN,Strength of legal rights index (0=weak to 12=strong),IC.LGL.CRED.XQ,,,,,,,,,,,,,,,,,,,,,,,,,,,,,,,,,,,,,,,,,,,,,,,,,,,,,,3,3,3,3,3
Turkey,TUR,Strength of legal rights index (0=weak to 12=strong),IC.LGL.CRED.XQ,,,,,,,,,,,,,,,,,,,,,,,,,,,,,,,,,,,,,,,,,,,,,,,,,,,,,,2,2,2,2,4
Tuvalu,TUV,Strength of legal rights index (0=weak to 12=strong),IC.LGL.CRED.XQ,,,,,,,,,,,,,,,,,,,,,,,,,,,,,,,,,,,,,,,,,,,,,,,,,,,,,,,,,,
Tanzania,TZA,Strength of legal rights index (0=weak to 12=strong),IC.LGL.CRED.XQ,,,,,,,,,,,,,,,,,,,,,,,,,,,,,,,,,,,,,,,,,,,,,,,,,,,,,,5,5,5,5,5
Uganda,UGA,Strength of legal rights index (0=weak to 12=strong),IC.LGL.CRED.XQ,,,,,,,,,,,,,,,,,,,,,,,,,,,,,,,,,,,,,,,,,,,,,,,,,,,,,,6,6,6,6,6
Ukraine,UKR,Strength of legal rights index (0=weak to 12=strong),IC.LGL.CRED.XQ,,,,,,,,,,,,,,,,,,,,,,,,,,,,,,,,,,,,,,,,,,,,,,,,,,,,,,8,8,8,8,8
Upper middle income,UMC,Strength of legal rights index (0=weak to 12=strong),IC.LGL.CRED.XQ,,,,,,,,,,,,,,,,,,,,,,,,,,,,,,,,,,,,,,,,,,,,,,,,,,,,,,4.52941176470588,4.80392156862745,5.05882352941176,5.13725490196078,5.43137254901961
Uruguay,URY,Strength of legal rights index (0=weak to 12=strong),IC.LGL.CRED.XQ,,,,,,,,,,,,,,,,,,,,,,,,,,,,,,,,,,,,,,,,,,,,,,,,,,,,,,4,4,4,4,4
United States,USA,Strength of legal rights index (0=weak to 12=strong),IC.LGL.CRED.XQ,,,,,,,,,,,,,,,,,,,,,,,,,,,,,,,,,,,,,,,,,,,,,,,,,,,,,,11,11,11,11,11
Uzbekistan,UZB,Strength of legal rights index (0=weak to 12=strong),IC.LGL.CRED.XQ,,,,,,,,,,,,,,,,,,,,,,,,,,,,,,,,,,,,,,,,,,,,,,,,,,,,,,1,1,6,6,6
St. Vincent and the Grenadines,VCT,Strength of legal rights index (0=weak to 12=strong),IC.LGL.CRED.XQ,,,,,,,,,,,,,,,,,,,,,,,,,,,,,,,,,,,,,,,,,,,,,,,,,,,,,,5,5,5,5,5
"Venezuela, RB",VEN,Strength of legal rights index (0=weak to 12=strong),IC.LGL.CRED.XQ,,,,,,,,,,,,,,,,,,,,,,,,,,,,,,,,,,,,,,,,,,,,,,,,,,,,,,1,1,1,1,1
British Virgin Islands,VGB,Strength of legal rights index (0=weak to 12=strong),IC.LGL.CRED.XQ,,,,,,,,,,,,,,,,,,,,,,,,,,,,,,,,,,,,,,,,,,,,,,,,,,,,,,,,,,
Virgin Islands (U.S.),VIR,Strength of legal rights index (0=weak to 12=strong),IC.LGL.CRED.XQ,,,,,,,,,,,,,,,,,,,,,,,,,,,,,,,,,,,,,,,,,,,,,,,,,,,,,,,,,,
Vietnam,VNM,Strength of legal rights index (0=weak to 12=strong),IC.LGL.CRED.XQ,,,,,,,,,,,,,,,,,,,,,,,,,,,,,,,,,,,,,,,,,,,,,,,,,,,,,,7,7,7,7,8
Vanuatu,VUT,Strength of legal rights index (0=weak to 12=strong),IC.LGL.CRED.XQ,,,,,,,,,,,,,,,,,,,,,,,,,,,,,,,,,,,,,,,,,,,,,,,,,,,,,,10,10,10,11,11
World,WLD,Strength of legal rights index (0=weak to 12=strong),IC.LGL.CRED.XQ,,,,,,,,,,,,,,,,,,,,,,,,,,,,,,,,,,,,,,,,,,,,,,,,,,,,,,4.74603174603175,4.88359788359788,5.02105263157895,5.13684210526316,5.41578947368421
Samoa,WSM,Strength of legal rights index (0=weak to 12=strong),IC.LGL.CRED.XQ,,,,,,,,,,,,,,,,,,,,,,,,,,,,,,,,,,,,,,,,,,,,,,,,,,,,,,5,5,5,5,9
Kosovo,XKX,Strength of legal rights index (0=weak to 12=strong),IC.LGL.CRED.XQ,,,,,,,,,,,,,,,,,,,,,,,,,,,,,,,,,,,,,,,,,,,,,,,,,,,,,,9,9,9,9,11
"Yemen, Rep.",YEM,Strength of legal rights index (0=weak to 12=strong),IC.LGL.CRED.XQ,,,,,,,,,,,,,,,,,,,,,,,,,,,,,,,,,,,,,,,,,,,,,,,,,,,,,,0,0,0,0,0
South Africa,ZAF,Strength of legal rights index (0=weak to 12=strong),IC.LGL.CRED.XQ,,,,,,,,,,,,,,,,,,,,,,,,,,,,,,,,,,,,,,,,,,,,,,,,,,,,,,5,5,5,5,5
Zambia,ZMB,Strength of legal rights index (0=weak to 12=strong),IC.LGL.CRED.XQ,,,,,,,,,,,,,,,,,,,,,,,,,,,,,,,,,,,,,,,,,,,,,,,,,,,,,,7,7,7,7,11
Zimbabwe,ZWE,Strength of legal rights index (0=weak to 12=strong),IC.LGL.CRED.XQ,,,,,,,,,,,,,,,,,,,,,,,,,,,,,,,,,,,,,,,,,,,,,,,,,,,,,,5,5,5,5,5
